"0","start.position <- mutant.sites - 8"
"0","end.position <-  mutant.sites + 8"
"0",""
"0","# Blank matrix to store sub-sequences"
"0","store.seqs <- matrix(""-"", nrow=length(mutant.sites), ncol=17)"
"0","rownames(store.seqs) <- mutant.names"
"0",""
"0","## Extract each sub-sequence"
"0","for(i in 1:length(mutant.sites)) {"
"0","  store.seqs[i,] <- seqs$ali[""P53_mutant"",start.position[i]:end.position[i]]"
"0","}"
"0",""
"0","store.seqs"
"1","     "
"1"," [,1]"
"1"," [,2]"
"1"," [,3]"
"1"," [,4]"
"1"," [,5]"
"1"," [,6]"
"1"," [,7]"
"1"," [,8]"
"1"," [,9]"
"1"," [,10]"
"1"," [,11]"
"1"," [,12]"
"1"," [,13]"
"1"," [,14]"
"1"," [,15]"
"1"," [,16]"
"1","
D41L "
"1"," ""S"" "
"1"," ""P"" "
"1"," ""L"" "
"1"," ""P"" "
"1"," ""S"" "
"1"," ""Q"" "
"1"," ""A"" "
"1"," ""M"" "
"1"," ""L"" "
"1"," ""D""  "
"1"," ""L""  "
"1"," ""M""  "
"1"," ""L""  "
"1"," ""S""  "
"1"," ""P""  "
"1"," ""D""  "
"1","
R65W "
"1"," ""D"" "
"1"," ""P"" "
"1"," ""G"" "
"1"," ""P"" "
"1"," ""D"" "
"1"," ""E"" "
"1"," ""A"" "
"1"," ""P"" "
"1"," ""W"" "
"1"," ""M""  "
"1"," ""P""  "
"1"," ""E""  "
"1"," ""A""  "
"1"," ""A""  "
"1"," ""P""  "
"1"," ""P""  "
"1","
R213V"
"1"," ""Y"" "
"1"," ""L"" "
"1"," ""D"" "
"1"," ""D"" "
"1"," ""R"" "
"1"," ""N"" "
"1"," ""T"" "
"1"," ""F"" "
"1"," ""V"" "
"1"," ""H""  "
"1"," ""S""  "
"1"," ""V""  "
"1"," ""V""  "
"1"," ""V""  "
"1"," ""P""  "
"1"," ""Y""  "
"1","
D259V"
"1"," ""I"" "
"1"," ""L"" "
"1"," ""T"" "
"1"," ""I"" "
"1"," ""I"" "
"1"," ""T"" "
"1"," ""L"" "
"1"," ""E"" "
"1"," ""V"" "
"1"," ""-""  "
"1"," ""-""  "
"1"," ""-""  "
"1"," ""-""  "
"1"," ""-""  "
"1"," ""-""  "
"1"," ""-""  "
"1","
"
"1","     "
"1"," [,17]"
"1","
D41L "
"1"," ""D""  "
"1","
R65W "
"1"," ""V""  "
"1","
R213V"
"1"," ""E""  "
"1","
D259V"
"1"," ""-""  "
"1","
"
