"0","library(bio3d)"
"0","seqs <- read.fasta(""lecture18_sequences.fa"")"
"0","seqs"
"1","             1        .         .         .         .         .         60"
"1"," "
"1","
"
"1","P53_wt       MEEPQSDPSVEPPLSQETFSDLWKLLPENNVLSPLPSQAMDDLMLSPDDIEQWFTEDPGP"
"1","
"
"1","P53_mutant   MEEPQSDPSVEPPLSQETFSDLWKLLPENNVLSPLPSQAMLDLMLSPDDIEQWFTEDPGP"
"1","
"
"1","             **************************************** *******************"
"1"," "
"1","
"
"1","             1        .         .         .         .         .         60"
"1"," "
"1","

"
"1","            61        .         .         .         .         .         120"
"1"," "
"1","
"
"1","P53_wt       DEAPRMPEAAPPVAPAPAAPTPAAPAPAPSWPLSSSVPSQKTYQGSYGFRLGFLHSGTAK"
"1","
"
"1","P53_mutant   DEAPWMPEAAPPVAPAPAAPTPAAPAPAPSWPLSSSVPSQKTYQGSYGFRLGFLHSGTAK"
"1","
"
"1","             **** *******************************************************"
"1"," "
"1","
"
"1","            61        .         .         .         .         .         120"
"1"," "
"1","

"
"1","           121        .         .         .         .         .         180"
"1"," "
"1","
"
"1","P53_wt       SVTCTYSPALNKMFCQLAKTCPVQLWVDSTPPPGTRVRAMAIYKQSQHMTEVVRRCPHHE"
"1","
"
"1","P53_mutant   SVTCTYSPALNKMFCQLAKTCPVQLWVDSTPPPGTRVRAMAIYKQSQHMTEVVRRCPHHE"
"1","
"
"1","             ************************************************************"
"1"," "
"1","
"
"1","           121        .         .         .         .         .         180"
"1"," "
"1","

"
"1","           181        .         .         .         .         .         240"
"1"," "
"1","
"
"1","P53_wt       RCSDSDGLAPPQHLIRVEGNLRVEYLDDRNTFRHSVVVPYEPPEVGSDCTTIHYNYMCNS"
"1","
"
"1","P53_mutant   RCSDSDGLAPPQHLIRVEGNLRVEYLDDRNTFVHSVVVPYEPPEVGSDCTTIHYNYMCNS"
"1","
"
"1","             ******************************** ***************************"
"1"," "
"1","
"
"1","           181        .         .         .         .         .         240"
"1"," "
"1","

"
"1","           241        .         .         .         .         .         300"
"1"," "
"1","
"
"1","P53_wt       SCMGGMNRRPILTIITLEDSSGNLLGRNSFEVRVCACPGRDRRTEEENLRKKGEPHHELP"
"1","
"
"1","P53_mutant   SCMGGMNRRPILTIITLEV-----------------------------------------"
"1","
"
"1","             ******************                                          "
"1"," "
"1","
"
"1","           241        .         .         .         .         .         300"
"1"," "
"1","

"
"1","           301        .         .         .         .         .         360"
"1"," "
"1","
"
"1","P53_wt       PGSTKRALPNNTSSSPQPKKKPLDGEYFTLQIRGRERFEMFRELNEALELKDAQAGKEPG"
"1","
"
"1","P53_mutant   ------------------------------------------------------------"
"1","
"
"1","                                                                         "
"1"," "
"1","
"
"1","           301        .         .         .         .         .         360"
"1"," "
"1","

"
"1","           361        .         .         .  393"
"1"," "
"1","
"
"1","P53_wt       GSRAHSSHLKSKKGQSTSRHKKLMFKTEGPDSD"
"1","
"
"1","P53_mutant   ---------------------------------"
"1","
"
"1","                                              "
"1"," "
"1","
"
"1","           361        .         .         .  393"
"1"," "
"1","

"
"1","Call:
  "
"1",""
"1","read.fasta(file = ""lecture18_sequences.fa"")"
"1",""
"1","

"
"1","Class:
  "
"1",""
"1","fasta"
"1",""
"1","

"
"1","Alignment dimensions:
  "
"1",""
"1","2"
"1",""
"1"," sequence rows; "
"1",""
"1","393"
"1",""
"1"," position columns"
"1",""
"1"," ("
"1",""
"1","259"
"1",""
"1"," non-gap, "
"1",""
"1","134"
"1",""
"1"," gap) "
"1",""
"1","
"
"1","
"
"1","+ attr: id, ali, call"
"1","
"
